source_sha256	source_bytes	source_mode	target_sha256	target_bytes	target_mode	content_mode	source_path	source_on_disk_path	target_path
d615aefea8842c7771b5711b254494762ffe8a82a02ba28690d77851e7709139	2348	0644	d615aefea8842c7771b5711b254494762ffe8a82a02ba28690d77851e7709139	2348	0644	byte-identical	AGENTS.md	AGENTS.prearchive.md	docs/plan/migration/voice-coding-AGENTS.prearchive.md
df39e87ca9f0bb3f79225eb4ef273b380f1f2cac996befce9218bb15324b58a3	1190	0644	df39e87ca9f0bb3f79225eb4ef273b380f1f2cac996befce9218bb15324b58a3	1190	0644	byte-identical	archive/README.md	archive/README.md	history/legacy-archive/README.md
54d9075d0d021497cf468173f1f4fd92cd43aa86b5d8bd9547040acb92eb64a2	36144	0644	54d9075d0d021497cf468173f1f4fd92cd43aa86b5d8bd9547040acb92eb64a2	36144	0644	byte-identical	archive/voice-agent-orchestrator.cursor.md	archive/voice-agent-orchestrator.cursor.md	history/legacy-archive/voice-agent-orchestrator.cursor.md
ddebee37eed68ab3a3c48450cf601bdd06618aaa231d5b25f1b1e8b17bdfcac0	942314	0644	ddebee37eed68ab3a3c48450cf601bdd06618aaa231d5b25f1b1e8b17bdfcac0	942314	0644	byte-identical	assets/brand/monogram-exploration/saydo-sd-direction-01-figure-ground.png	assets/brand/monogram-exploration/saydo-sd-direction-01-figure-ground.png	assets/brand/monogram-exploration/saydo-sd-direction-01-figure-ground.png
8f2b8d447a8ec49fe4ea6500c79ec2450e81608e967df586e81ceae7ac9345cd	892652	0644	8f2b8d447a8ec49fe4ea6500c79ec2450e81608e967df586e81ceae7ac9345cd	892652	0644	byte-identical	assets/brand/monogram-exploration/saydo-sd-direction-02-interlock.png	assets/brand/monogram-exploration/saydo-sd-direction-02-interlock.png	assets/brand/monogram-exploration/saydo-sd-direction-02-interlock.png
6d78b1de029bd5d130cde34a5a598b0cf5cab60b9fd9966c410e07951fa0e928	966396	0644	6d78b1de029bd5d130cde34a5a598b0cf5cab60b9fd9966c410e07951fa0e928	966396	0644	byte-identical	assets/brand/monogram-exploration/saydo-sd-direction-03-optical.png	assets/brand/monogram-exploration/saydo-sd-direction-03-optical.png	assets/brand/monogram-exploration/saydo-sd-direction-03-optical.png
24de1eafe7296c56fe5d334ef170b8ff0fe13afa5217c7b0e471b4b26c1d98ac	925781	0644	24de1eafe7296c56fe5d334ef170b8ff0fe13afa5217c7b0e471b4b26c1d98ac	925781	0644	byte-identical	assets/brand/monogram-exploration/saydo-sd-direction-04-modular.png	assets/brand/monogram-exploration/saydo-sd-direction-04-modular.png	assets/brand/monogram-exploration/saydo-sd-direction-04-modular.png
c8064696c1be340c99f48439cf05f5741f8a1f7ce7332011b595a5202d71f2a6	867532	0644	c8064696c1be340c99f48439cf05f5741f8a1f7ce7332011b595a5202d71f2a6	867532	0644	byte-identical	assets/brand/monogram-exploration/saydo-sd-direction-05-organic.png	assets/brand/monogram-exploration/saydo-sd-direction-05-organic.png	assets/brand/monogram-exploration/saydo-sd-direction-05-organic.png
3ffc1e47c25c4c30575ff4cef02ecefd8f252eb99660a103c4233715a55b62f0	1984	0644	3ffc1e47c25c4c30575ff4cef02ecefd8f252eb99660a103c4233715a55b62f0	1984	0644	byte-identical	assets/brand/README.md	assets/brand/README.md	assets/brand/README.md
2cee20ca7a5d7ce3da79005160a049049cd81cb748a8fa11e63342b7e20d8aa9	920562	0644	2cee20ca7a5d7ce3da79005160a049049cd81cb748a8fa11e63342b7e20d8aa9	920562	0644	byte-identical	assets/brand/saydo-app-icon-v1.png	assets/brand/saydo-app-icon-v1.png	assets/brand/saydo-app-icon-v1.png
b0d214c6200a115bbad4a7147e327ee9406399f7d1142edce3dcced4702f699c	1146124	0644	b0d214c6200a115bbad4a7147e327ee9406399f7d1142edce3dcced4702f699c	1146124	0644	byte-identical	assets/brand/saydo-hero-v1.png	assets/brand/saydo-hero-v1.png	assets/brand/saydo-hero-v1.png
f76fad214e80c04a91d784c76f39258b705c502eba1cedfb7ca68936c520dad0	825035	0644	f76fad214e80c04a91d784c76f39258b705c502eba1cedfb7ca68936c520dad0	825035	0644	byte-identical	assets/brand/saydo-lockup-v1.png	assets/brand/saydo-lockup-v1.png	assets/brand/saydo-lockup-v1.png
5d6c5f3cf28f01f8a11a58e232b41986400873cb47ec7164fb99fca2a04402f3	265285	0644	5d6c5f3cf28f01f8a11a58e232b41986400873cb47ec7164fb99fca2a04402f3	265285	0644	byte-identical	assets/brand/saydo-mark-v1-transparent.png	assets/brand/saydo-mark-v1-transparent.png	assets/brand/saydo-mark-v1-transparent.png
1a12565afad27c1513e11ff8bbe8d31d52e8333e182ffde6381b883d43eeeeb9	859847	0644	1a12565afad27c1513e11ff8bbe8d31d52e8333e182ffde6381b883d43eeeeb9	859847	0644	byte-identical	assets/brand/saydo-mark-v1.png	assets/brand/saydo-mark-v1.png	assets/brand/saydo-mark-v1.png
33b0be3f7c24c901e68cba3c3c452c6b7db4458a71901d6813f89be51e5226a0	1423670	0644	33b0be3f7c24c901e68cba3c3c452c6b7db4458a71901d6813f89be51e5226a0	1423670	0644	byte-identical	assets/brand/saydo-social-cover-v1.png	assets/brand/saydo-social-cover-v1.png	assets/brand/saydo-social-cover-v1.png
a38604f6a43d2bc3e7ce201c244da48e59d58309557e43bb27ebf2b9cfacdeb3	1585642	0644	a38604f6a43d2bc3e7ce201c244da48e59d58309557e43bb27ebf2b9cfacdeb3	1585642	0644	byte-identical	assets/brand/saydo-vertical-poster-v1.png	assets/brand/saydo-vertical-poster-v1.png	assets/brand/saydo-vertical-poster-v1.png
472678c0a5be6b5dc0c09d78eef7285584cf544d42c4d2efaab3b9a617193a64	65614	0644	5e664e3342b750c8f79b155cbcbec959feb38ca9e3739d766fae7a9652ecc1bc	69751	0644	transformed	demo/saydo-console-demo-atelier.html	demo/saydo-console-demo-atelier.html	demo/saydo-console-demo-atelier.html
31c8166025c38f690730dfac6024ca812cda5cbb1b539aa5e40a178cfef75969	76828	0644	3641e2a2ffc5701d70cd1fb600b02787c85977976504d9e70a60045af8589df7	79241	0644	transformed	demo/saydo-console-demo.html	demo/saydo-console-demo.html	demo/saydo-console-demo.html
3c40ac075138199ccba17cf4de636387fd9dc100db660c04943fd234d0c43bbe	8708	0644	3c40ac075138199ccba17cf4de636387fd9dc100db660c04943fd234d0c43bbe	8708	0644	byte-identical	docs/01-vision-and-problem.md	docs/01-vision-and-problem.md	docs/01-vision-and-problem.md
dc566f7d30e115569501aeea6460c50f08cf59d8f0734311ad91549a4305fdb5	18400	0644	dc566f7d30e115569501aeea6460c50f08cf59d8f0734311ad91549a4305fdb5	18400	0644	byte-identical	docs/02-product-definition.md	docs/02-product-definition.md	docs/02-product-definition.md
9a52c34de07988de0f18c1bc7910bdbcb001332a2b5b3a5b2696ae6a8cf5ca3c	19250	0644	bd86dac4ea81967f0196a59a42d2a2e93ddf9d1ada24265ccccbf5b710cc112f	19294	0644	transformed	docs/03-architecture.md	docs/03-architecture.md	docs/03-architecture.md
36b625246c4959bbe61382e210f2ffd3b76c1e940f260ce5729cf4c2f1054dc5	35407	0644	d416bfcdd6fa66a155ec24e37cb1f06ce465d701689f7e48148473fa88f60227	35413	0644	transformed	docs/04-key-mechanisms.md	docs/04-key-mechanisms.md	docs/04-key-mechanisms.md
b0fa6de7f649598762c972e260de0e8599815414fe5b3007e6ad8df740dff0fe	21731	0644	cd585076af70e80f73b5865a687d154aafe740aebb7a4c6b8d5cb66bf63906c9	21741	0644	transformed	docs/05-roadmap.md	docs/05-roadmap.md	docs/05-roadmap.md
d1df78390ab1ee808ec588d27308d85a793a7b7e1a24d24f78bb37dc601d44a0	17463	0644	9ef93bcf57a17b35de974c164eea6b9d0b6a197656076403c96c3b54d6914e2e	17539	0644	transformed	docs/06-references.md	docs/06-references.md	docs/06-references.md
78f782f9fbb9f90c38c6576f619f8c5861d4951e19fc8aabf0455da385798162	35340	0644	ae87cc229e54e390f70df36b2ac3ef9091a49a31c906c59283b328b9bbc348b4	35352	0644	transformed	docs/07-tech-stack-decisions.md	docs/07-tech-stack-decisions.md	docs/07-tech-stack-decisions.md
e5284699504b39145d50864585dff73ed6aaf30fde57115070a9ae24b4907044	21293	0644	44b2ea4c3b17f634ab96265447df1075edc704f165c6db0709f00db3ecd9f756	21511	0644	transformed	docs/08-module-design.md	docs/08-module-design.md	docs/08-module-design.md
4c4a6fdcc54a1e4fe21f966a93e66a7b7797d41843d4d291c042b3938ad79591	171892	0644	dfd28dba2f7bfcb9d32d8f5c754a9ac1d6bad7e9f7c35bbe71277c2a718af9d6	173501	0644	transformed	docs/09-data-contracts.md	docs/09-data-contracts.md	docs/09-data-contracts.md
7ac4c502c1245c7a192dce5ade099f4a3272ab6d33aa948561058550c582e3f8	26238	0644	0ef86149603e233b8ecd09f5648aecf211fc3559ad7f2d114bff27424adaad73	26291	0644	transformed	docs/10-voice-ux-spec.md	docs/10-voice-ux-spec.md	docs/10-voice-ux-spec.md
df73cf8d16d0bcd06f893779bdfa309cd8af64bbed86c3b5c3dd9463bdfc3a60	26126	0644	a7cffed28c1942db280ec8b3c9e8805bc47dc8d5a93d0fb2de75b9f97ef5ff17	26531	0644	transformed	docs/11-ui-spec.md	docs/11-ui-spec.md	docs/11-ui-spec.md
b610260f5ce475a66118bf0f2571b769863f9d7cacb9edd6845c64ef5bb3e0e1	14652	0644	f150e741523425b5084c1b59985976bcd6356f96f728215ec850f4a96ab1e9a0	14664	0644	transformed	docs/adr/ADR-001-execution-layer.md	docs/adr/ADR-001-execution-layer.md	docs/adr/design/ADR-001-execution-layer.md
ca2cbb788f28e8428d82f719a839aadec98e0e35d55aa77114749db0c05cc7f1	15005	0644	dde6f61a8f75b144f38e6f44594bb465318bf69e5258b0fffd6225244b3f26d7	15006	0644	transformed	docs/hopper-side-feedback-for-saydo.cursor.md	docs/hopper-side-feedback-for-saydo.cursor.md	docs/hopper-side-feedback-for-saydo.cursor.md
a9dcf47b6136cffabe8cbdb0f344c59e80e6afaf56f785b3a0f56902a074faee	11246	0644	d290616c7d7d95fbe02442354dd098f9b156e119aa6683c2906f11faffdd804e	11252	0644	transformed	docs/modules/a-dialogue.md	docs/modules/a-dialogue.md	docs/modules/a-dialogue.md
2f1ebd0057cb32b53625820e0acbeee225712feaf491fdf2225d6c32eb77e10a	7415	0644	2f1ebd0057cb32b53625820e0acbeee225712feaf491fdf2225d6c32eb77e10a	7415	0644	byte-identical	docs/modules/b-memory.md	docs/modules/b-memory.md	docs/modules/b-memory.md
903988f51bfc3f20b1a36a0d6d997fbf7902a3b8f0243f269affd06d6a2f8fcf	11942	0644	93ef8d73fb0dcba2619785369eb45f203cd6d85fb2c9a4faf9125e3bdbbf3802	11963	0644	transformed	docs/modules/c-control-bridge.md	docs/modules/c-control-bridge.md	docs/modules/c-control-bridge.md
06c83124d6622133ea61bcd29c1817b3db811914c580c2f7a1a4b5b9f44ff7de	3434	0644	06c83124d6622133ea61bcd29c1817b3db811914c580c2f7a1a4b5b9f44ff7de	3434	0644	byte-identical	docs/modules/d-presentation.md	docs/modules/d-presentation.md	docs/modules/d-presentation.md
1c7d1e768ed8cf379edd7316567b026c53c93f31757008391fca24058b90b28c	4650	0644	1d3ff11c4a953d8d9b45216377be8a7b98cf4f71ee2dd69dee6fe8228f82bb78	4657	0644	transformed	docs/modules/e-crosscutting.md	docs/modules/e-crosscutting.md	docs/modules/e-crosscutting.md
6f3ea0d408e0fd29c8cf443738288657cca46d4ef8f31708be15f46bad106e3c	174497	0644	65be98754db24b8532974d4937ba82a5d74335a20f149a2d1e20c532c9800618	199476	0644	transformed	history/PROCESS-JOURNAL.md	history/PROCESS-JOURNAL.md	history/PROCESS-JOURNAL.md
60bfa94610d0195485e01b54775c476600e83235a81f85e7f3825ddff66d7261	801	0644	d0794974cb7dafcd9d3f56073fd16816d23982d9229fc8ab02c7ca50441eb901	1212	0644	transformed	history/README.md	history/README.md	history/README.md
659711ed11302f60f5913ea97b475c08d8b68f1444b89f681e2afdc495082106	3611	0644	659711ed11302f60f5913ea97b475c08d8b68f1444b89f681e2afdc495082106	3611	0644	byte-identical	history/scenarios/cross-cutting-artifact-persistence.md	history/scenarios/cross-cutting-artifact-persistence.md	history/scenarios/cross-cutting-artifact-persistence.md
0ff2c52cf89734592a9f670f07be837b7484af0f24eef431c36d1d08638ddb1c	8316	0644	c17d7ad6bbe7fa0f46150ecc8aff843b62c1fc99c65dcaf472cce0b5d8a549f5	8321	0644	transformed	history/scenarios/cross-cutting-context-memory.md	history/scenarios/cross-cutting-context-memory.md	history/scenarios/cross-cutting-context-memory.md
c423e0cb977a24e3bdd2f2b8ac53bfe5d07309358c549828bc254f31b249e57a	5458	0644	c423e0cb977a24e3bdd2f2b8ac53bfe5d07309358c549828bc254f31b249e57a	5458	0644	byte-identical	history/scenarios/cross-cutting-convergence-and-templates.md	history/scenarios/cross-cutting-convergence-and-templates.md	history/scenarios/cross-cutting-convergence-and-templates.md
4d0607216ff344ed38b8c4b9aaafc9f71c0503e304ca42cd2039ef7821df8f15	6416	0644	4d0607216ff344ed38b8c4b9aaafc9f71c0503e304ca42cd2039ef7821df8f15	6416	0644	byte-identical	history/scenarios/design-philosophy-conversation-over-instruction.md	history/scenarios/design-philosophy-conversation-over-instruction.md	history/scenarios/design-philosophy-conversation-over-instruction.md
4f31f7fc305158cd710e3eab475453ee4949d507ac4bdfe80ccdddbd3232ccb8	2449	0644	0d9c7e9191f53e26633e8951975d5058329bd30a8ccfbbf08abbf41c44290bc2	2452	0644	transformed	history/scenarios/README.md	history/scenarios/README.md	history/scenarios/README.md
2628b4f723444b685e9ca88a2b5ea1f01bd6a1b5710cbc4cc8037005596ee100	2526	0644	2628b4f723444b685e9ca88a2b5ea1f01bd6a1b5710cbc4cc8037005596ee100	2526	0644	byte-identical	history/scenarios/scenario-1-engineer-direct.md	history/scenarios/scenario-1-engineer-direct.md	history/scenarios/scenario-1-engineer-direct.md
dc80c91203d2b473d46735e7cc6ec9ea6fec48c4a9af237130c8e57afe9dda1f	3788	0644	dc80c91203d2b473d46735e7cc6ec9ea6fec48c4a9af237130c8e57afe9dda1f	3788	0644	byte-identical	history/scenarios/scenario-2-ceo-to-docs-to-impl.md	history/scenarios/scenario-2-ceo-to-docs-to-impl.md	history/scenarios/scenario-2-ceo-to-docs-to-impl.md
b114a2285631e6623f097965fe34ca16754e68f2e403c035106d6c46858df4e1	3675	0644	b114a2285631e6623f097965fe34ca16754e68f2e403c035106d6c46858df4e1	3675	0644	byte-identical	history/scenarios/scenario-3-non-dev-projects.md	history/scenarios/scenario-3-non-dev-projects.md	history/scenarios/scenario-3-non-dev-projects.md
69397fa2f82f27c148a863e58bb6253acc4362761a303b15988fb5a32077bf18	124986	0644	f33387350c9a997aed18432cee4c4107ff20f563bc2ac556eb246dd3199564d7	125027	0644	transformed	history/voice-coding-framework.Cursor2.md	history/voice-coding-framework.Cursor2.md	history/voice-coding-framework.Cursor2.md
b7d058564c8b76d5e92c17dfdbf3e65dc67021c9eddd31ec9712b0aa80178f0b	12171	0644	a39982b0d44755a2f21a3b6c0e151441f2b3ce1b2b03b35454f88ddbf4db0478	12198	0644	transformed	IMPL-PROMPT-2-CLOSEOUT.md	IMPL-PROMPT-2-CLOSEOUT.md	docs/plan/IMPL-PROMPT-2-CLOSEOUT.md
922dfe606ca568498d1faf7e15058f9cec81e50fd7f545c4070054980879a065	5675	0644	eeeaa2829572c10e5dba9ee5cc55d6ffc2b99d06f7cea1f63e9f4044825b2612	5682	0644	transformed	IMPL-PROMPT-3-WIRING.md	IMPL-PROMPT-3-WIRING.md	docs/plan/IMPL-PROMPT-3-WIRING.md
84c600d0418f3f0374b6f688593bc94fb5bc3c3c09daa2a89ba4fdc4ac06e42b	6087	0644	7409dea16eb63280a60ec8c4f11ff1cc23a28b01623cf4288838cb0a9ebfe45d	6094	0644	transformed	IMPL-PROMPT-4-EXECUTOR.md	IMPL-PROMPT-4-EXECUTOR.md	docs/plan/IMPL-PROMPT-4-EXECUTOR.md
245f88aa5f46b84300eaf1c2949599963ce5e676f70cf8a22c1417749fac00fd	10687	0644	5cf05c30fe67efa520362f3264183d657f61f0c8e0bcb7f33101429968ea581f	10694	0644	transformed	IMPL-PROMPT-5-PULLFORWARD.md	IMPL-PROMPT-5-PULLFORWARD.md	docs/plan/IMPL-PROMPT-5-PULLFORWARD.md
9cf40db20833f9bc136ad9e361df3b8ef9c02c065b4d3257913fc7b2856308ac	5750	0644	ec91dac94b5bbca227cdbd0b287f8a5e72b50787239992f7dc28c95191f07e08	5757	0644	transformed	IMPL-PROMPT-6-W1.md	IMPL-PROMPT-6-W1.md	docs/plan/IMPL-PROMPT-6-W1.md
4f161afd03140f0d7d9ef8c99af869facd6f080ebfba23efd82ecda9ff6398ed	8590	0644	ccc57cf93ee62754ae51be1e2d832115dc9afacd4b0e60569c6cf13622cb6c4e	8597	0644	transformed	IMPL-PROMPT-7-W5A.md	IMPL-PROMPT-7-W5A.md	docs/plan/IMPL-PROMPT-7-W5A.md
8660737c33be30ba2a5f7335a7cda91e6b57ca5a0f5d865a922eab9c0af665af	12307	0644	c6d857ae48af378eb9480dce89e81a4adc4fc8cf45b6000c8f48ba7212da9568	12314	0644	transformed	IMPL-PROMPT-8-W4.md	IMPL-PROMPT-8-W4.md	docs/plan/IMPL-PROMPT-8-W4.md
6add0b3a62240ad229ebb7cf5a706dfe34c479b3ea0ed92812db2c7720222cc6	11268	0644	eeef16a5f0723fda0affc2d638f9391e74dbe480dad0528f3422d59e2759abbf	11292	0644	transformed	IMPL-PROMPT.md	IMPL-PROMPT.md	docs/plan/IMPL-PROMPT.md
387abdd358d461144ef705104885636cf8982dadca61d036d8a30d5d341b2f73	32662	0644	98f4ad5c5aeb15daf6fdce7289e4b5440bc1436a48324647a085be45a0a49389	32789	0644	transformed	IMPLEMENTATION-PLAN-2.md	IMPLEMENTATION-PLAN-2.md	docs/plan/IMPLEMENTATION-PLAN-2.md
02130026a60cfc5cf1afb3bca32dd7e8ee62aa148564f3b75601ff5285a4a883	47144	0644	b305754a21a0385e5a384d5f00065c13338ff076ce4ba9a50382da8c8b9826dc	47188	0644	transformed	IMPLEMENTATION-PLAN.md	IMPLEMENTATION-PLAN.md	docs/plan/IMPLEMENTATION-PLAN.md
dff5d0f87cd9583277194f024c61a627e8148da2055a51a4b02dd6c46644f657	2094	0644	dff5d0f87cd9583277194f024c61a627e8148da2055a51a4b02dd6c46644f657	2094	0644	byte-identical	prompts/12-canonical-writeback-batch1.md	prompts/12-canonical-writeback-batch1.md	prompts/12-canonical-writeback-batch1.md
912ad3fc29ca25e564737c06d9f70efa9a1824f1a5da552c02cbc48fa90775c1	2728	0644	912ad3fc29ca25e564737c06d9f70efa9a1824f1a5da552c02cbc48fa90775c1	2728	0644	byte-identical	prompts/16-wiring-batch-writeback.md	prompts/16-wiring-batch-writeback.md	prompts/16-wiring-batch-writeback.md
e494e770e0c7b3f9d9595725ba47adef442dbf41044b6cd36564ccd6e0a81b57	2662	0644	b7c5b4cd20ee55a0e0b7c8142de00c7fb660e4cc3972b1d0bbfae554068ecb32	2666	0644	transformed	prompts/17-repo-merge-proposal.md	prompts/17-repo-merge-proposal.md	prompts/17-repo-merge-proposal.md
dd018d9b84af338722053ef3ec92dce9b1264f8496b51df8e5e7b02ccf6b1d69	1615	0644	dd018d9b84af338722053ef3ec92dce9b1264f8496b51df8e5e7b02ccf6b1d69	1615	0644	byte-identical	prompts/18-writing-flow-codex-review.md	prompts/18-writing-flow-codex-review.md	prompts/18-writing-flow-codex-review.md
e4ca6bca4d259398238f22ab65d139e304fb95182d9d39f082865db1e59a2b8c	3246	0644	e4ca6bca4d259398238f22ab65d139e304fb95182d9d39f082865db1e59a2b8c	3246	0644	byte-identical	prompts/18-writing-flow-review.md	prompts/18-writing-flow-review.md	prompts/18-writing-flow-review.md
43f4984394194ef160fb4abfeedf30a55c22ce25fbf962d330282e2595436fe8	2380	0644	43f4984394194ef160fb4abfeedf30a55c22ce25fbf962d330282e2595436fe8	2380	0644	byte-identical	prompts/19-plan2-review.md	prompts/19-plan2-review.md	prompts/19-plan2-review.md
2b52b4fd7bf11e1e89ce46bd594dc0a749fef3c32c9632c879c1447b51d2feec	5776	0644	2b52b4fd7bf11e1e89ce46bd594dc0a749fef3c32c9632c879c1447b51d2feec	5776	0644	byte-identical	prompts/19-tier1-executor-batch.md	prompts/19-tier1-executor-batch.md	prompts/19-tier1-executor-batch.md
96b6ee22459fdd4be43fa27b62e9120ea21adb63292b611ec9b41389a6da1164	4452	0644	96b6ee22459fdd4be43fa27b62e9120ea21adb63292b611ec9b41389a6da1164	4452	0644	byte-identical	prompts/21-ra-contract-review.md	prompts/21-ra-contract-review.md	prompts/21-ra-contract-review.md
8e084fd6d3d9b8ae6c045764e7623275f72db73f70df107da05261d52dc53ead	3815	0644	8e084fd6d3d9b8ae6c045764e7623275f72db73f70df107da05261d52dc53ead	3815	0644	byte-identical	prompts/22-ra-verification-completion.md	prompts/22-ra-verification-completion.md	prompts/22-ra-verification-completion.md
4e8861a95b0e157d3a3fde64108b3dcee456b42026d1c2e7a91af556b5adb947	2314	0644	4e8861a95b0e157d3a3fde64108b3dcee456b42026d1c2e7a91af556b5adb947	2314	0644	byte-identical	prompts/23-a3-armed-design-review.md	prompts/23-a3-armed-design-review.md	prompts/23-a3-armed-design-review.md
d43b1b171adbf4a1de3f04e5107b59612935c42fd74ee94cecd7a1a65d09e738	7297	0644	d43b1b171adbf4a1de3f04e5107b59612935c42fd74ee94cecd7a1a65d09e738	7297	0644	byte-identical	README.md	README.prearchive.md	docs/plan/migration/voice-coding-README.prearchive.md
2421e13b9224bce7406d0d96054ab616bebd74a8df32c7177f74e70ea20607ea	21052	0644	7e2cf8ca3b141e00b8ca4c2a0d9825aa4207fb7a1d5f111b96ba3a89b29ca154	20903	0644	transformed	REPO-MERGE-PROPOSAL.md	REPO-MERGE-PROPOSAL.md	docs/plan/REPO-MERGE-PROPOSAL.md
6c7fa25269878cfcc878ef039f57c5a1a91e3f0f6b301c2dae152a69966cbe89	13174	0644	bf0a3f236a7450bf0ee1e48d5fef10fdee7ac32fa355dda02f2e694147d8cdf2	13206	0644	transformed	research/2026-07-25-saydo-closeout-impl-readback.fable.md	research/2026-07-25-saydo-closeout-impl-readback.fable.md	research/2026-07-25-saydo-closeout-impl-readback.fable.md
0bfd3a43a1f3517719664f073fd0ac31af1cbc5161a099f4f0ac1c83fba055c9	10679	0644	999a3cadca7704ad923365fa81208c909887d27e4c6e731be7a9338780f5c07b	10705	0644	transformed	research/2026-07-25-saydo-wiring-impl-readback.fable.md	research/2026-07-25-saydo-wiring-impl-readback.fable.md	research/2026-07-25-saydo-wiring-impl-readback.fable.md
5fd26fbe97c6d70680eb30079b89fb65151cb40064aedac026cb70f11b08bdb8	10257	0644	174ed4bba582915716acbf66752319e9c620e297df991c371ee2bcec3d2d9f35	10276	0644	transformed	research/2026-07-26-saydo-executor-impl-readback.fable.md	research/2026-07-26-saydo-executor-impl-readback.fable.md	research/2026-07-26-saydo-executor-impl-readback.fable.md
16b076d2df25cc6c8d387cd76eaf178bb3bf53bcce8c73f19ef6d1126cc1f5b8	5499	0644	f6a49389d4c3927f4959d13e5fdea371557ee68bdbb3ee37206d8eeb210e222b	5518	0644	transformed	research/2026-07-26-saydo-w1-impl-readback.fable.md	research/2026-07-26-saydo-w1-impl-readback.fable.md	research/2026-07-26-saydo-w1-impl-readback.fable.md
4be2f335d7c53fc81e3876c73c1949af26effe7bbb585f77635aaad81a336f9d	3911	0644	445fda356ccdff34b804f15555867a8a279a39093ae935fca8dc2d4a2ae24c0d	3933	0644	transformed	research/2026-07-26-saydo-w2-impl-readback.fable.md	research/2026-07-26-saydo-w2-impl-readback.fable.md	research/2026-07-26-saydo-w2-impl-readback.fable.md
99394e0f2d8dab54e643988d03465a33bdee40f69662857a4fdb75ddea842b5b	8906	0644	dcdaa0469d5dc1279c35b97670200187ff9f53f77ceefbad64adbdb53bcf4ba0	8935	0644	transformed	research/2026-07-27-saydo-w4-impl-readback.fable.md	research/2026-07-27-saydo-w4-impl-readback.fable.md	research/2026-07-27-saydo-w4-impl-readback.fable.md
5db30ba1ea8d7dc9e6ad5d8e1250bf8d11fed8ac45185b4b4907ed19df718738	6595	0644	42f43cdccfa345364fb50b47b033da63f5519f53fa780e2678bc4c5f9547ed26	6608	0644	transformed	research/2026-07-27-saydo-w5a-impl-readback.fable.md	research/2026-07-27-saydo-w5a-impl-readback.fable.md	research/2026-07-27-saydo-w5a-impl-readback.fable.md
1ec33991b355e8eb130dfb5ed6cf70b070b5a7526a089575eaa2bbe8487533dd	16477	0644	82cd11906cb265de84a9545081dea73debdaff96cf749cc0d552ac2a80647d57	16483	0644	transformed	research/2026-07-28-a3-armed-design.md	research/2026-07-28-a3-armed-design.md	research/2026-07-28-a3-armed-design.md
bf6986f47133a1a09e0d038d41c26bae169d1361e5447ebdfa0b137d514849a6	6876	0644	bf6986f47133a1a09e0d038d41c26bae169d1361e5447ebdfa0b137d514849a6	6876	0644	byte-identical	research/2026-07-28-voice-input-dual-action.md	research/2026-07-28-voice-input-dual-action.md	research/2026-07-28-voice-input-dual-action.md
6c2c1f4883f971839c25cb8536d71a9f1c221e216fb3b90ff708f2416620d5e7	44946	0644	828481c3947f32c31a99129ae18ad0a2249f50076885fde42ad7eac6b3a29eed	44926	0644	transformed	research/business-flows.html	research/business-flows.html	research/business-flows.html
a2f264117522afc318b5d2118a6e408fbfb2359e27bd9dfba31f1359083ae115	15717	0644	45cbd3863e570b724ed84a1f0da182ceb12974b7a48de7af01464a3a150706d4	15724	0644	transformed	research/business-flows.md	research/business-flows.md	research/business-flows.md
c5ebeec4501bb3051e6c40e142ee6a2ca7e5272b31ac4e62eb8e6fd5d33de08e	86090	0644	e8bdc8432e7dee7a2d4a1fd2abb9cec45dc4e4719ea1d2bed725533aead65342	86083	0644	transformed	research/codex-findings/01-architecture-redteam.md	research/codex-findings/01-architecture-redteam.md	research/codex-findings/01-architecture-redteam.md
9f3bba63c5316c85ec00cd55d8bff1d6456d5447bb209b3ee77619a3a08dfad5	68098	0644	61149d189a6c9811b3bd8ecff54a1a0acc759d83e593f552698402e703629f1a	68080	0644	transformed	research/codex-findings/02-hopper-integration.md	research/codex-findings/02-hopper-integration.md	research/codex-findings/02-hopper-integration.md
9adbee74bec7fb88ae15bc8a9527bb2e7b414c8858e1964eb05867cfe737959d	98050	0644	c0b747f9c037f1351bb2af775a1d922404e890477e94453ee5319534c537f91c	98046	0644	transformed	research/codex-findings/03-voice-memory-tech.md	research/codex-findings/03-voice-memory-tech.md	research/codex-findings/03-voice-memory-tech.md
fefca1b32e4077293780a4e7a992f8c9f5a6b8b2fff5dda05c8f8334a8ae5ab1	57167	0644	f7df31781bdf201c286447f572d4b42b595766537125f20798d56991f33dae4e	57163	0644	transformed	research/codex-findings/04-interaction-product.md	research/codex-findings/04-interaction-product.md	research/codex-findings/04-interaction-product.md
510c289d58172a5cd0131901d667d1012cf4b18cee8bbf08dc41ece1ba6c033c	48074	0644	aed888558808bcc5a9cb494cb6d26c599841c9994016623b8459ae0b0f7dffda	48068	0644	transformed	research/codex-findings/05-docs-review.md	research/codex-findings/05-docs-review.md	research/codex-findings/05-docs-review.md
5d53b2e137e85459e26c52a1a18c7d14dcee1649e93dc7ea62b8fcb6e82e7dd7	48354	0644	dac17e33bbe90975151c9acc51ba60e15fdd5c1f5b34bb4ee4d04a4dbff45b28	48350	0644	transformed	research/codex-findings/06-recent-rounds-review.md	research/codex-findings/06-recent-rounds-review.md	research/codex-findings/06-recent-rounds-review.md
e60aa6714fa49a919bd04b6a3a4e021d5a1c6e19a7a2a2c04c045fa27e0aae6d	34407	0644	e60aa6714fa49a919bd04b6a3a4e021d5a1c6e19a7a2a2c04c045fa27e0aae6d	34407	0644	byte-identical	research/codex-findings/07-contracts-review.md	research/codex-findings/07-contracts-review.md	research/codex-findings/07-contracts-review.md
d835615854b29d6c138819afe61713b4f1db3d23b502fe8c088556cb39c9a1e1	36392	0644	c1f6062cd613b53ae5c88aaafc78406ca99970c14c44f002eeefeec380b12971	36388	0644	transformed	research/codex-findings/08-plan-review.md	research/codex-findings/08-plan-review.md	research/codex-findings/08-plan-review.md
54f65e18e62366b76d230bf4b9a917187449d6c9b55f0735c8f08ae2791399c8	7050	0644	54f65e18e62366b76d230bf4b9a917187449d6c9b55f0735c8f08ae2791399c8	7050	0644	byte-identical	research/codex-findings/09-byoa-v2.md	research/codex-findings/09-byoa-v2.md	research/codex-findings/09-byoa-v2.md
f12cd5dc8c38154bd4f0ccef5a355e0e996e44871654e465d1b486a54f96650a	15882	0644	f12cd5dc8c38154bd4f0ccef5a355e0e996e44871654e465d1b486a54f96650a	15882	0644	byte-identical	research/codex-findings/10-product-value-gap-sol-review.md	research/codex-findings/10-product-value-gap-sol-review.md	research/codex-findings/10-product-value-gap-sol-review.md
9eff61d3c2ed7b69fdbfc9497bf0bfffd37177896266a6156dffe44be47427ed	14138	0644	9eff61d3c2ed7b69fdbfc9497bf0bfffd37177896266a6156dffe44be47427ed	14138	0644	byte-identical	research/codex-findings/11-implementation-plan-v25.md	research/codex-findings/11-implementation-plan-v25.md	research/codex-findings/11-implementation-plan-v25.md
104271c0f61ee884a14db7acad7b471bd79eeb51fb32593c4c450e858f77d8c3	15152	0644	104271c0f61ee884a14db7acad7b471bd79eeb51fb32593c4c450e858f77d8c3	15152	0644	byte-identical	research/codex-findings/11-post-review-reassessment-sol-review.md	research/codex-findings/11-post-review-reassessment-sol-review.md	research/codex-findings/11-post-review-reassessment-sol-review.md
ec339521e8acf4de8e0f9ba66be217e8b72afd7924d8b28ef879c934fb8148af	12960	0644	ec339521e8acf4de8e0f9ba66be217e8b72afd7924d8b28ef879c934fb8148af	12960	0644	byte-identical	research/codex-findings/12-canonical-writeback-batch1.md	research/codex-findings/12-canonical-writeback-batch1.md	research/codex-findings/12-canonical-writeback-batch1.md
7a6d161fcbc5bb7e8becd4364e939e7036b800b248832ec8dd2169cc90f25a21	2615	0644	7a6d161fcbc5bb7e8becd4364e939e7036b800b248832ec8dd2169cc90f25a21	2615	0644	byte-identical	research/codex-findings/13-canonical-writeback-m-batch.md	research/codex-findings/13-canonical-writeback-m-batch.md	research/codex-findings/13-canonical-writeback-m-batch.md
95c8d7cc8e6e22aab2d5da3caeec064734baeae2fd287b6a4c45cb468f2e88b0	13118	0644	95c8d7cc8e6e22aab2d5da3caeec064734baeae2fd287b6a4c45cb468f2e88b0	13118	0644	byte-identical	research/codex-findings/14-canonical-writeback-closeout.md	research/codex-findings/14-canonical-writeback-closeout.md	research/codex-findings/14-canonical-writeback-closeout.md
d8de22aa1ae5c92e7a2043abfdbd5388aefe06c8674808e5636e7e094113dc8f	9720	0644	d8de22aa1ae5c92e7a2043abfdbd5388aefe06c8674808e5636e7e094113dc8f	9720	0644	byte-identical	research/codex-findings/15-owner-decisions-panel.md	research/codex-findings/15-owner-decisions-panel.md	research/codex-findings/15-owner-decisions-panel.md
c1bf9e8fa3f714d7855c277305ec388d915d3e5f6db8bca9ad719822e6fc5efc	37192	0644	0e7cfb0e54452a4863da78a7d1e005e47410bc1ec9784139737a0d90a770fa0a	37191	0644	transformed	research/codex-findings/16-wiring-batch-writeback.md	research/codex-findings/16-wiring-batch-writeback.md	research/codex-findings/16-wiring-batch-writeback.md
98960711f63219036a6c7896d0aeff5eacc817bfe6366c4a4a54aed7cddb50f1	34254	0644	36fc3efcd6bc96aff682da098d5650f97fedbe075661fe3dab8d52d9dfd8b35d	34269	0644	transformed	research/codex-findings/17-repo-merge-proposal.md	research/codex-findings/17-repo-merge-proposal.md	research/codex-findings/17-repo-merge-proposal.md
df57493089d2013b75a31c98c134a962162e472bbe697f9b57ba612a465a2f3f	17433	0644	df57493089d2013b75a31c98c134a962162e472bbe697f9b57ba612a465a2f3f	17433	0644	byte-identical	research/codex-findings/18-writing-flow-review.md	research/codex-findings/18-writing-flow-review.md	research/codex-findings/18-writing-flow-review.md
d023e341a299cf9880bbed97c08563e64fc048ad7936fc3b99dce003e5b1e0b5	22588	0644	d023e341a299cf9880bbed97c08563e64fc048ad7936fc3b99dce003e5b1e0b5	22588	0644	byte-identical	research/codex-findings/19-plan2-review.md	research/codex-findings/19-plan2-review.md	research/codex-findings/19-plan2-review.md
5fa64c847f0f8f5b3e11246ca721be5933e9ef5ce0569490f9e3012c7167428c	55516	0644	d5baa5c1c7eb69c7dfe13e081e626c2b97bb6b0779f308c62997216d7456b111	55514	0644	transformed	research/codex-findings/19-tier1-executor-batch.md	research/codex-findings/19-tier1-executor-batch.md	research/codex-findings/19-tier1-executor-batch.md
30b135674c0ca4a669e9689c8ea7f45a31f201b529a44b8ff27bfb9337e371f3	5460	0644	30b135674c0ca4a669e9689c8ea7f45a31f201b529a44b8ff27bfb9337e371f3	5460	0644	byte-identical	research/codex-findings/20-executor-writeback.md	research/codex-findings/20-executor-writeback.md	research/codex-findings/20-executor-writeback.md
e61400c649038bc5b875c626ca4a5c3b9a71352d77cdff859934d37155e2d531	20824	0644	b3612d08448cc2c26a2aee09a9a8a087164c0514c916168bf8b203c2d23d6a6d	20818	0644	transformed	research/codex-findings/21-ra-contract-review.md	research/codex-findings/21-ra-contract-review.md	research/codex-findings/21-ra-contract-review.md
b29193b6e9d8978e10fd987ba5acae2dca6bf7a7e34e1035adb240752ec054db	57461	0644	123d610937b3c966b54724a095ce34faea158f31a9795cf087416512f364e123	57459	0644	transformed	research/codex-findings/22-ra-verification-completion.md	research/codex-findings/22-ra-verification-completion.md	research/codex-findings/22-ra-verification-completion.md
64742115c5681644c167effcd7fa2145502f06214ee622a79ab5d6ca8eda83c8	30502	0644	64742115c5681644c167effcd7fa2145502f06214ee622a79ab5d6ca8eda83c8	30502	0644	byte-identical	research/codex-findings/23-a3-armed-design-review.md	research/codex-findings/23-a3-armed-design-review.md	research/codex-findings/23-a3-armed-design-review.md
810cfa059bb3c958f13fcdc79288baf7e903ea4435ea3f7e45e6fa8e82e434e6	15774	0644	48a063eb296832623e5c82bb943b05c0c591e8d5e2def23ace690147a4505ebc	15774	0644	transformed	research/codex-findings/octodesk-mobile.md	research/codex-findings/octodesk-mobile.md	research/codex-findings/octodesk-mobile.md
d65ce1bc7f90af620f5453943f9f1e35ff93dfe58b30671a0077758949c2eaf4	2914	0644	d65ce1bc7f90af620f5453943f9f1e35ff93dfe58b30671a0077758949c2eaf4	2914	0644	byte-identical	research/codex-findings/prompts/01-architecture-redteam.md	research/codex-findings/prompts/01-architecture-redteam.md	research/codex-findings/prompts/01-architecture-redteam.md
a0698e09dff46ebda47d6fff6f7c7d4b600b1d773c0030538df50cc5829d29f2	3011	0644	a0698e09dff46ebda47d6fff6f7c7d4b600b1d773c0030538df50cc5829d29f2	3011	0644	byte-identical	research/codex-findings/prompts/02-hopper-integration.md	research/codex-findings/prompts/02-hopper-integration.md	research/codex-findings/prompts/02-hopper-integration.md
5001578cf300463d4b82dfc9e7d70af01c4baee3e1f18c330ca7698226bfaccc	2741	0644	5001578cf300463d4b82dfc9e7d70af01c4baee3e1f18c330ca7698226bfaccc	2741	0644	byte-identical	research/codex-findings/prompts/03-voice-memory-tech.md	research/codex-findings/prompts/03-voice-memory-tech.md	research/codex-findings/prompts/03-voice-memory-tech.md
687469a7aa528a0303b2044a1a3f19fc5068046701009a537b1ce005c772c126	2724	0644	687469a7aa528a0303b2044a1a3f19fc5068046701009a537b1ce005c772c126	2724	0644	byte-identical	research/codex-findings/prompts/04-interaction-product.md	research/codex-findings/prompts/04-interaction-product.md	research/codex-findings/prompts/04-interaction-product.md
b9ecef7bf22c3dee70269b0dd6c9b67613b6aaad88f1cdfbe6dc05f7817fd9ec	3059	0644	b9ecef7bf22c3dee70269b0dd6c9b67613b6aaad88f1cdfbe6dc05f7817fd9ec	3059	0644	byte-identical	research/codex-findings/prompts/05-full-docs-review.md	research/codex-findings/prompts/05-full-docs-review.md	research/codex-findings/prompts/05-full-docs-review.md
38b74d2fcfafb86f08d6ac4c8e5831889af17bbf48a83714826ba3b9a3f74c0f	3913	0644	38b74d2fcfafb86f08d6ac4c8e5831889af17bbf48a83714826ba3b9a3f74c0f	3913	0644	byte-identical	research/codex-findings/prompts/06-recent-rounds-review.md	research/codex-findings/prompts/06-recent-rounds-review.md	research/codex-findings/prompts/06-recent-rounds-review.md
bb74e7f35fe0a36a83a79ec9d58c3e0071f5a529538e2faf9a943cd19edde7b2	2845	0644	bb74e7f35fe0a36a83a79ec9d58c3e0071f5a529538e2faf9a943cd19edde7b2	2845	0644	byte-identical	research/codex-findings/prompts/07-contracts-uxspec-review.md	research/codex-findings/prompts/07-contracts-uxspec-review.md	research/codex-findings/prompts/07-contracts-uxspec-review.md
c54554f0245cbb553268d12188df3f6f08edacc3babf3763a1987027cf89682b	3362	0644	c54554f0245cbb553268d12188df3f6f08edacc3babf3763a1987027cf89682b	3362	0644	byte-identical	research/codex-findings/prompts/08-plan-review.md	research/codex-findings/prompts/08-plan-review.md	research/codex-findings/prompts/08-plan-review.md
f1206dea464fc8d82f9a60f5bb504768670befc997bb56fa40f290c512e17924	3832	0644	f1206dea464fc8d82f9a60f5bb504768670befc997bb56fa40f290c512e17924	3832	0644	byte-identical	research/codex-findings/prompts/09-byoa-v2.md	research/codex-findings/prompts/09-byoa-v2.md	research/codex-findings/prompts/09-byoa-v2.md
4401c33718e04adae2d7654c91b7441388cb79a76c7960489f7bb66569e59fd5	2668	0644	4401c33718e04adae2d7654c91b7441388cb79a76c7960489f7bb66569e59fd5	2668	0644	byte-identical	research/codex-findings/prompts/10-product-value-gap-sol-review.md	research/codex-findings/prompts/10-product-value-gap-sol-review.md	research/codex-findings/prompts/10-product-value-gap-sol-review.md
b2fe821717f268c869dbea7129e543814dbba44970aa34b8652e6e2bee1ef1cd	2595	0644	b2fe821717f268c869dbea7129e543814dbba44970aa34b8652e6e2bee1ef1cd	2595	0644	byte-identical	research/codex-findings/prompts/11-implementation-plan-v25.md	research/codex-findings/prompts/11-implementation-plan-v25.md	research/codex-findings/prompts/11-implementation-plan-v25.md
348df41fe43ab09c1b08965ce2d26cbb4b5afa78f8014fd40933cf87a6f29c85	3290	0644	348df41fe43ab09c1b08965ce2d26cbb4b5afa78f8014fd40933cf87a6f29c85	3290	0644	byte-identical	research/codex-findings/prompts/11-post-review-reassessment-sol-review.md	research/codex-findings/prompts/11-post-review-reassessment-sol-review.md	research/codex-findings/prompts/11-post-review-reassessment-sol-review.md
07650f3b302ae61d522db14c3d0d600e418c20fd64d6e59a54238fb2e3d8efcf	3081	0644	07650f3b302ae61d522db14c3d0d600e418c20fd64d6e59a54238fb2e3d8efcf	3081	0644	byte-identical	research/codex-findings/prompts/12-atelier-demo-review.md	research/codex-findings/prompts/12-atelier-demo-review.md	research/codex-findings/prompts/12-atelier-demo-review.md
1c59d85ba309ba3d5d76f8c798f54b3c8b3a321d51f6510b18e6e7db792d5982	2832	0644	1c59d85ba309ba3d5d76f8c798f54b3c8b3a321d51f6510b18e6e7db792d5982	2832	0644	byte-identical	research/codex-findings/prompts/13-canonical-writeback-m-batch.md	research/codex-findings/prompts/13-canonical-writeback-m-batch.md	research/codex-findings/prompts/13-canonical-writeback-m-batch.md
9289e410def3835d71a2d7caa3f274c539ab19181c73981b6bb7f376d1abc86a	2163	0644	9289e410def3835d71a2d7caa3f274c539ab19181c73981b6bb7f376d1abc86a	2163	0644	byte-identical	research/codex-findings/prompts/13b-m-batch-focused.md	research/codex-findings/prompts/13b-m-batch-focused.md	research/codex-findings/prompts/13b-m-batch-focused.md
771d81d71fe3a6b7b880ceedc90ee28212dbe1174c90cd549854991beb4786ed	4223	0644	771d81d71fe3a6b7b880ceedc90ee28212dbe1174c90cd549854991beb4786ed	4223	0644	byte-identical	research/codex-findings/prompts/14-canonical-writeback-closeout.md	research/codex-findings/prompts/14-canonical-writeback-closeout.md	research/codex-findings/prompts/14-canonical-writeback-closeout.md
f67a02e3f9014bd16cdc37da21fa157fd4efdc5049fb0c3460641f45c12f1f7f	3951	0644	f67a02e3f9014bd16cdc37da21fa157fd4efdc5049fb0c3460641f45c12f1f7f	3951	0644	byte-identical	research/codex-findings/prompts/15-owner-decisions-panel.md	research/codex-findings/prompts/15-owner-decisions-panel.md	research/codex-findings/prompts/15-owner-decisions-panel.md
2d07d38d6dc9f0a5a8345ba00cfd23d73687b459d67583afaedd344faaf4694f	2559	0644	2d07d38d6dc9f0a5a8345ba00cfd23d73687b459d67583afaedd344faaf4694f	2559	0644	byte-identical	research/codex-findings/prompts/15-phone-call-design.md	research/codex-findings/prompts/15-phone-call-design.md	research/codex-findings/prompts/15-phone-call-design.md
3198bd5d2992201f38d66c5309e95d6d2abf9660cb0e5fac15d757a2a70e4bd1	2420	0644	3198bd5d2992201f38d66c5309e95d6d2abf9660cb0e5fac15d757a2a70e4bd1	2420	0644	byte-identical	research/codex-findings/prompts/16-phone-call-plan.md	research/codex-findings/prompts/16-phone-call-plan.md	research/codex-findings/prompts/16-phone-call-plan.md
c103d213477bb2b84282f8c9566069e35915373656fe3412b14bb6ab256c7fcd	2488	0644	c103d213477bb2b84282f8c9566069e35915373656fe3412b14bb6ab256c7fcd	2488	0644	byte-identical	research/codex-findings/prompts/20-executor-writeback.md	research/codex-findings/prompts/20-executor-writeback.md	research/codex-findings/prompts/20-executor-writeback.md
f491b90a01f76d22b08cf9099fbcfb52425d85c1ef009135765d89e3670c4c4a	1894	0644	80993d48619fd4aab90e272388142a46e5b7606191000a385d9fafc497ad2070	1893	0644	transformed	research/codex-findings/prompts/21-ra-contract-review.md	research/codex-findings/prompts/21-ra-contract-review.md	research/codex-findings/prompts/21-ra-contract-review.md
ab42c578ce2c4a8d4d0b23b0a55ff980f1b5cb652623080d2cfa7fc567283428	2528	0644	ab42c578ce2c4a8d4d0b23b0a55ff980f1b5cb652623080d2cfa7fc567283428	2528	0644	byte-identical	research/codex-findings/prompts/22-ra-verification-completion.md	research/codex-findings/prompts/22-ra-verification-completion.md	research/codex-findings/prompts/22-ra-verification-completion.md
4e8861a95b0e157d3a3fde64108b3dcee456b42026d1c2e7a91af556b5adb947	2314	0644	4e8861a95b0e157d3a3fde64108b3dcee456b42026d1c2e7a91af556b5adb947	2314	0644	byte-identical	research/codex-findings/prompts/23-a3-armed-design-review.md	research/codex-findings/prompts/23-a3-armed-design-review.md	research/codex-findings/prompts/23-a3-armed-design-review.md
5d1340ae826336fd212ce4223faf7b192586afbfe15faa5dea98c5cf030f8af9	13098	0644	572805ba09855f43196063826a04370abeb1a6d838dd63750d068e46c15cd72b	13113	0644	transformed	research/competitive-scan-2026-07.md	research/competitive-scan-2026-07.md	research/competitive-scan-2026-07.md
fcb9eb88e5864129c6baa7bca926e36eb49ebf50e381e6c1cb8f416af39d28d4	12259	0644	fcb9eb88e5864129c6baa7bca926e36eb49ebf50e381e6c1cb8f416af39d28d4	12259	0644	byte-identical	research/ecosystem-analysis-and-fusion.md	research/ecosystem-analysis-and-fusion.md	research/ecosystem-analysis-and-fusion.md
cc8cbc1b2e7d85ad14283f3985c4bb5b09a680d746816c40941562b30fa726f2	53308	0644	cc8cbc1b2e7d85ad14283f3985c4bb5b09a680d746816c40941562b30fa726f2	53308	0644	byte-identical	research/highlight-features-brainstorm.md	research/highlight-features-brainstorm.md	research/highlight-features-brainstorm.md
c088d639497460c5fa7b2006f39b0d04bc132df43cff4a5f18126f263555337b	6699	0644	c088d639497460c5fa7b2006f39b0d04bc132df43cff4a5f18126f263555337b	6699	0644	byte-identical	research/hopper-baseline2-diff-manifest.md	research/hopper-baseline2-diff-manifest.md	research/hopper-baseline2-diff-manifest.md
0fd6fbb648a58d4f4f9bf38a63a6047a5fa2601f18e75568b810bcf4d46981cd	15424	0644	0fd6fbb648a58d4f4f9bf38a63a6047a5fa2601f18e75568b810bcf4d46981cd	15424	0644	byte-identical	research/hopper-integration-appendix.md	research/hopper-integration-appendix.md	research/hopper-integration-appendix.md
99e733d642890ec9495136f4f1d25debd0840ec0223a1b5f6ac44d41b0e27870	17721	0644	dd268d43ca29034ef07f1dd7f68fcb01b69870f619e003e61aa86c12256f6666	17721	0644	transformed	research/hopper-integration-request.md	research/hopper-integration-request.md	research/hopper-integration-request.md
260f16e6a83c784c03d01788637d8e54d5d1dd2299f86f4403c5e381d3c65072	9781	0644	260f16e6a83c784c03d01788637d8e54d5d1dd2299f86f4403c5e381d3c65072	9781	0644	byte-identical	research/local-projects-borrowing-assessment.md	research/local-projects-borrowing-assessment.md	research/local-projects-borrowing-assessment.md
de1b25754280292b9bc9f29bfa8906f0ab6c1463ae35606b9b722ecabfeebadd	11720	0644	71a420247ae3da2d3fb797b99db5e491735d9aab0cfbff006eaeb7f15460a838	11723	0644	transformed	research/mobile-desktop-connectivity.md	research/mobile-desktop-connectivity.md	research/mobile-desktop-connectivity.md
e69206462cba27aad783da10a3a4a34e84cadb2b3b593626df16c4e698da67a4	13715	0644	3840da2b382a2d354d578a51c6efd5c06a2e7d2650908026c078482254e39ac2	13728	0644	transformed	research/open-source-stack.md	research/open-source-stack.md	research/open-source-stack.md
2616d70ac34c586d68848fec9eee4dd3bf1d938b6feae8db37ee9471bdb44802	26996	0644	f43d55dcdb2cf0564b25328def3110d972d69f8b52253b40f76d99e0bed45865	27018	0644	transformed	research/phone-call-design-2026-07.md	research/phone-call-design-2026-07.md	research/phone-call-design-2026-07.md
d2217b4765fc049ef6229de5363caa1df8b5ccf943b4d744df04fb247fb23cc8	7813	0644	e6411b95ea271637f5a9de993751333bf7916e1ae2e4aaa930a442f2088dae6d	7817	0644	transformed	research/phone-call-impl-plan-2026-07-IMPL-PROMPT.md	research/phone-call-impl-plan-2026-07-IMPL-PROMPT.md	research/phone-call-impl-plan-2026-07-IMPL-PROMPT.md
358536336ec4a7d57816adc82f3dbe15f590bc2815c41c1ecd5e88168514a0b7	18467	0644	358536336ec4a7d57816adc82f3dbe15f590bc2815c41c1ecd5e88168514a0b7	18467	0644	byte-identical	research/phone-call-impl-plan-2026-07.md	research/phone-call-impl-plan-2026-07.md	research/phone-call-impl-plan-2026-07.md
862b0d73bcb0e6eb1b2dd09e681f16d758d5ff95577d807cb75d178ebd0a28f4	4590	0644	862b0d73bcb0e6eb1b2dd09e681f16d758d5ff95577d807cb75d178ebd0a28f4	4590	0644	byte-identical	research/phone-call-owner-decisions-2026-07.md	research/phone-call-owner-decisions-2026-07.md	research/phone-call-owner-decisions-2026-07.md
4b9171a4e435c4a8892bbd1e277329ecfaeb19e38ea44727c3eee74615f8d721	1491	0644	7c55688a4fe5185729177bf4c604cba88ff51aa1748341f5d6ef354e58e40838	1573	0644	transformed	research/README.md	research/README.md	research/README.md
0ecfc6268468ea850e1c8608c1d44e8022681c55662fd785e5b15bbf574c6582	8824	0644	561edd9a1c02925456898aea00a07965d1d70c2cc9d9e913ddda86ab56f1e1b9	8829	0644	transformed	research/saydo-improvement-scan-2026-07-IMPL-PROMPT.md	research/saydo-improvement-scan-2026-07-IMPL-PROMPT.md	research/saydo-improvement-scan-2026-07-IMPL-PROMPT.md
a543747a7619fdd4699aa10bde95b81fbd582c2e14843b21c25ec375521115de	24646	0644	a543747a7619fdd4699aa10bde95b81fbd582c2e14843b21c25ec375521115de	24646	0644	byte-identical	research/saydo-improvement-scan-2026-07.md	research/saydo-improvement-scan-2026-07.md	research/saydo-improvement-scan-2026-07.md
f3330bcb423631a553880af16482fc40affcc61f8b0ba0311428605c57cc1b2a	73484	0644	d654710ca2298594d51c24559197485e430ab5604a97dfa209e0197e076c9310	73470	0644	transformed	research/saydo-post-review-reassessment-sol.md	research/saydo-post-review-reassessment-sol.md	research/saydo-post-review-reassessment-sol.md
3fde2a5b2f148072a106bb65a19bec6aaaa769256af396af54edf5c78569e963	71426	0644	efc5e731a05d918b31b3c5f63f793af5fea4e2e738cc6d7f0c55fb01cccaef75	71422	0644	transformed	research/saydo-product-value-and-gap-analysis-sol.md	research/saydo-product-value-and-gap-analysis-sol.md	research/saydo-product-value-and-gap-analysis-sol.md
90737c963425cd19eb107f3fe1e84e07e4f0aa26dd3c5304ee585c894438a01c	174	0644	90737c963425cd19eb107f3fe1e84e07e4f0aa26dd3c5304ee585c894438a01c	174	0644	byte-identical	research/spikes/cursor-cli-tier1/hooks.json	research/spikes/cursor-cli-tier1/hooks.json	research/spikes/cursor-cli-tier1/hooks.json
e04d8d864fc0af96f75197e1a21650e7ec3263582397bd841e1056deadfa8d55	995	0755	e04d8d864fc0af96f75197e1a21650e7ec3263582397bd841e1056deadfa8d55	995	0755	byte-identical	research/spikes/cursor-cli-tier1/hooks/gate.sh	research/spikes/cursor-cli-tier1/hooks/gate.sh	research/spikes/cursor-cli-tier1/hooks/gate.sh
0c919fb0e2892c0918b330c8e469c56ef2daf514eb02d99b28e6794111657f6d	4293	0644	af54e51058169623c060b71a297c69da7c3047305ab076623a99accf5b3c9a07	4297	0644	transformed	research/spikes/cursor-cli-tier1/RESULT.md	research/spikes/cursor-cli-tier1/RESULT.md	research/spikes/cursor-cli-tier1/RESULT.md
69ab86e7abd12b112dd3f1002ee48b4cee531596475a56fabe4811d0b175646f	2295	0755	2756875e0c753de617b2a731e3188f481f817ec67005551597a3159a56dd36ae	2307	0755	transformed	research/spikes/cursor-cli-tier1/run.sh	research/spikes/cursor-cli-tier1/run.sh	research/spikes/cursor-cli-tier1/run.sh
95b4a7568fce0aa1e6d2cd1c005941ee2d32759c0f0d61e705e49f16706c5f76	7089	0644	95b4a7568fce0aa1e6d2cd1c005941ee2d32759c0f0d61e705e49f16706c5f76	7089	0644	byte-identical	research/spikes/cursor-sdk-tier1/package-lock.json	research/spikes/cursor-sdk-tier1/package-lock.json	research/spikes/cursor-sdk-tier1/package-lock.json
82056dcd5b73dee00b03c6827edb3a444c23556715518afcda4d9e88393f023a	323	0644	82056dcd5b73dee00b03c6827edb3a444c23556715518afcda4d9e88393f023a	323	0644	byte-identical	research/spikes/cursor-sdk-tier1/package.json	research/spikes/cursor-sdk-tier1/package.json	research/spikes/cursor-sdk-tier1/package.json
e1fcf154f0d746d79c8fbecc8feda4aecdaa10a6b2e6722d7ddf9e7f8bf47695	6845	0644	72f2b3e7d33e68cad0bce3143d28669c0196e5601f9f7a74ab9e4a80555ed41e	6849	0644	transformed	research/spikes/cursor-sdk-tier1/spike.mjs	research/spikes/cursor-sdk-tier1/spike.mjs	research/spikes/cursor-sdk-tier1/spike.mjs
5011403114bf9ec35c10d5b5c415b1728d418dd07df1df39fa586c2e6d16d944	13572	0644	5011403114bf9ec35c10d5b5c415b1728d418dd07df1df39fa586c2e6d16d944	13572	0644	byte-identical	research/voice-call-channel-scan-2026-07.md	research/voice-call-channel-scan-2026-07.md	research/voice-call-channel-scan-2026-07.md
edb878fcefd927523521b53940724961b0090c8b7324655519c511f3caaed8e0	14828	0644	edb878fcefd927523521b53940724961b0090c8b7324655519c511f3caaed8e0	14828	0644	byte-identical	research/voice-model-tech-scan-2026-07.md	research/voice-model-tech-scan-2026-07.md	research/voice-model-tech-scan-2026-07.md
73f3c78e30e27f90371b6d7c59b182b50ef8b8024a6e1eb8cd8879fbb5f4511a	19041	0644	f50c64f4649710d5718f0db999757d85c0c53e5b0c7f80ccc390ef1a4ef6030d	19120	0644	transformed	saydo-review-readback.cursor.md	saydo-review-readback.cursor.md	history/reviews/saydo-review-readback.cursor.md
b21702669f41eb9d1fdca10638366e1d56e4f1fc3ddde11558290153e062165f	55532	0644	61b8927f8a3f77a5d266b387398fd8107644ad6984562d8042d8e243812f0293	55602	0644	transformed	saydo-value-gaps-review.cursor.md	saydo-value-gaps-review.cursor.md	history/reviews/saydo-value-gaps-review.cursor.md
a0103b17e7b548552b1150715041249d9e395275b314f409665120dac45324f4	4697	0644	c31c3a48486351f2af257472c4c5f2858a75f3888ed145d25b975c5dda3f9da7	4462	0644	transformed	templates/saydo.config.dev.example.toml	templates/saydo.config.dev.example.toml	templates/saydo.config.dev.example.toml
450dda4323cc7ac37f0000677545fb6babbd053e5a4a235b8aedd13fd2cefe1c	9070	0644	2b488a5dfb1b9c8174d5a37d85ec236f3ebd511bdf5bd12242c60f42c253058e	8183	0644	transformed	templates/saydo.config.example.toml	templates/saydo.config.example.toml	templates/saydo.config.example.toml
fb9e42df7c31c5c711f9d06aab6a8eeeea6755cabb00d94f910d6c2eee4fbf3a	2334	0644	16dceab8de9a16cce001466df29818c825d4ebb6f8f28a7f91657d18a9f0c513	2408	0644	transformed	templates/saydo.env.example	templates/saydo.env.example	templates/saydo.env.example
